"md5","id","uri"
"4stdvp3484mlb9quopuoe3kiqr",68305,/test-ver1/test_data/4stdvp3484mlb9quopuoe3kiqr.jpg
"6hp9otq20sfudtffphq4kqrmg",68306,/test-ver1/test_data/6hp9otq20sfudtffphq4kqrmg.jpg
"2s12q68ispkgo3sbuv2v28u3af",68307,/test-ver1/test_data/2s12q68ispkgo3sbuv2v28u3af.jpg
"3mbc3oqc65qoh745e187fkvn69",68308,/test-ver1/test_data/3mbc3oqc65qoh745e187fkvn69.jpg
"3uro1ba5hko2q4ski19co06i8s",68309,/test-ver1/test_data/3uro1ba5hko2q4ski19co06i8s.jpg
"3momospcf01pqcr41k51fre5bu",68310,/test-ver1/test_data/3momospcf01pqcr41k51fre5bu.jpg
"7v5rp7hvg363sn2hg5gbj5amp5",68311,/test-ver1/test_data/7v5rp7hvg363sn2hg5gbj5amp5.jpg
"4e0ndgtjd5867fimmapd2t1ser",68312,/test-ver1/test_data/4e0ndgtjd5867fimmapd2t1ser.jpg
"1fgnd1jec1csaio0iguco5bdjo",68313,/test-ver1/test_data/1fgnd1jec1csaio0iguco5bdjo.jpg
caj1bjrv98puetd4s921an4k2,68314,/test-ver1/test_data/caj1bjrv98puetd4s921an4k2.jpg
"3ts0rs44gvl523am9g5tmd326v",68315,/test-ver1/test_data/3ts0rs44gvl523am9g5tmd326v.jpg
anc9mc245f07n2ku465dju2sl,68316,/test-ver1/test_data/anc9mc245f07n2ku465dju2sl.jpg
"1lr762r7f4bm2149n51ri0mosn",68317,/test-ver1/test_data/1lr762r7f4bm2149n51ri0mosn.jpg
"5oseibilkakl1d38ita8n4574",68319,/test-ver1/test_data/5oseibilkakl1d38ita8n4574.jpg
"2a4vah705ap8ens8iver8fn7n3",68320,/test-ver1/test_data/2a4vah705ap8ens8iver8fn7n3.jpg
"33q6o07mhj22893ng8rgsve5qk",68321,/test-ver1/test_data/33q6o07mhj22893ng8rgsve5qk.jpg
jvu8njdsqagi3sfg6ljp13fs4,68322,/test-ver1/test_data/jvu8njdsqagi3sfg6ljp13fs4.jpg
"8jf7gr9o993dato58lgs54ios",68323,/test-ver1/test_data/8jf7gr9o993dato58lgs54ios.jpg
"4b1uuoqnl103ogvl9ivv1nmpmj",68324,/test-ver1/test_data/4b1uuoqnl103ogvl9ivv1nmpmj.jpg
"6ma2cjrdh7sp0nhgi4b5gqvn71",68325,/test-ver1/test_data/6ma2cjrdh7sp0nhgi4b5gqvn71.jpg
"2f87uqshjts8fbvlieninovo3m",68326,/test-ver1/test_data/2f87uqshjts8fbvlieninovo3m.jpg
"5u9j5io4eif8u1485p42vtn6c1",68327,/test-ver1/test_data/5u9j5io4eif8u1485p42vtn6c1.jpg
"6sj3gp38uagmnl4khk1ahrac7f",68328,/test-ver1/test_data/6sj3gp38uagmnl4khk1ahrac7f.jpg
"6tk2hncdggkfrhllgqm61u0a1k",68329,/test-ver1/test_data/6tk2hncdggkfrhllgqm61u0a1k.jpg
"7qvgogkfuup82d3kq9e7nsfnrt",68330,/test-ver1/test_data/7qvgogkfuup82d3kq9e7nsfnrt.jpg
"7amrcqe4uvk57d599o7ajrtg61",68331,/test-ver1/test_data/7amrcqe4uvk57d599o7ajrtg61.jpg
efs11pin0c45stv5r8998ed01,68332,/test-ver1/test_data/efs11pin0c45stv5r8998ed01.jpg
"5015m5qi2me7g10s82addkacrf",68333,/test-ver1/test_data/5015m5qi2me7g10s82addkacrf.jpg
"7830d2e13c59c2mcp26v0iml83",68335,/test-ver1/test_data/7830d2e13c59c2mcp26v0iml83.jpg
"1m1fjtrl3t407hc52tsr3gom4s",68336,/test-ver1/test_data/1m1fjtrl3t407hc52tsr3gom4s.jpg
"3hh1j1u453m0jcuqnap052b0i2",68337,/test-ver1/test_data/3hh1j1u453m0jcuqnap052b0i2.jpg
"5t83b89386v33vdbqio0914rk1",68338,/test-ver1/test_data/5t83b89386v33vdbqio0914rk1.jpg
"60obfr8trsc60gvl4te0gie03n",68339,/test-ver1/test_data/60obfr8trsc60gvl4te0gie03n.jpg
dsm33upsh2l8v335kq2ro1tv3,68340,/test-ver1/test_data/dsm33upsh2l8v335kq2ro1tv3.jpg
"1upgmrum589cdu0luf24cipr4h",68341,/test-ver1/test_data/1upgmrum589cdu0luf24cipr4h.jpg
"7ecvs75rj5dtn34nj45a8o7qmt",68342,/test-ver1/test_data/7ecvs75rj5dtn34nj45a8o7qmt.jpg
"4boofh73tvmn78h469l70j5ob8",68343,/test-ver1/test_data/4boofh73tvmn78h469l70j5ob8.jpg
"1lehoard50q08c4q4ntpimllhb",68344,/test-ver1/test_data/1lehoard50q08c4q4ntpimllhb.jpg
l173r2hmtto1gqliahincs9fm,68345,/test-ver1/test_data/l173r2hmtto1gqliahincs9fm.jpg
"4opjq9amkmia1vrtuqg2jvgp1e",68347,/test-ver1/test_data/4opjq9amkmia1vrtuqg2jvgp1e.jpg
"1oa0v2arfmrpebtc55t4vdqpnn",68348,/test-ver1/test_data/1oa0v2arfmrpebtc55t4vdqpnn.jpg
"2luut1gqj632mr8073t58parh7",68351,/test-ver1/test_data/2luut1gqj632mr8073t58parh7.jpg
"80akmate2vbpdtcus3dee2ija",68352,/test-ver1/test_data/80akmate2vbpdtcus3dee2ija.jpg
"5fdtost1g53oqqbib3mefqjvea",68353,/test-ver1/test_data/5fdtost1g53oqqbib3mefqjvea.jpg
"2eu4bl5uo45rsuunl12sn0ooos",68354,/test-ver1/test_data/2eu4bl5uo45rsuunl12sn0ooos.jpg
"728tiv6g8ilmavpo3hbmbt4e80",68355,/test-ver1/test_data/728tiv6g8ilmavpo3hbmbt4e80.jpg
"1jqmspekcjsdk31ifpf0i5q4p4",68356,/test-ver1/test_data/1jqmspekcjsdk31ifpf0i5q4p4.jpg
"2qb07hhkvfb9g9nb0ufep7855a",68357,/test-ver1/test_data/2qb07hhkvfb9g9nb0ufep7855a.jpg
"3hpsakn65ad115t68mj6l2t5hb",68358,/test-ver1/test_data/3hpsakn65ad115t68mj6l2t5hb.jpg
"1mlifjccig90prtqib7a5ditb8",68359,/test-ver1/test_data/1mlifjccig90prtqib7a5ditb8.jpg
lcs82u2j38d3l4ugel4ajq3l1,68361,/test-ver1/test_data/lcs82u2j38d3l4ugel4ajq3l1.jpg
"417g40ldvjmuv9aaea1kpsideu",68362,/test-ver1/test_data/417g40ldvjmuv9aaea1kpsideu.jpg
"46gd01ucki1dj6mi77va3vtbfl",68363,/test-ver1/test_data/46gd01ucki1dj6mi77va3vtbfl.jpg
"1lsuqk8p949sr2ou1b8tgglvd3",68365,/test-ver1/test_data/1lsuqk8p949sr2ou1b8tgglvd3.jpg
"4s7qnd9afs5n5i29hcdkiikgoj",68366,/test-ver1/test_data/4s7qnd9afs5n5i29hcdkiikgoj.jpg
qehtrcpirmg7cs3gafpu818lg,68367,/test-ver1/test_data/qehtrcpirmg7cs3gafpu818lg.jpg
"6prmfhho1vv0i6f02f7r3hacjt",68369,/test-ver1/test_data/6prmfhho1vv0i6f02f7r3hacjt.jpg
"25763r5p8v5vuibrtdeh67nefh",68370,/test-ver1/test_data/25763r5p8v5vuibrtdeh67nefh.jpg
"6rdhdtvg07650nglvh8aiqoth5",68371,/test-ver1/test_data/6rdhdtvg07650nglvh8aiqoth5.jpg
vjjeb8jh11cl1efgac5kql4b8,68372,/test-ver1/test_data/vjjeb8jh11cl1efgac5kql4b8.jpg
"152lj06ahs8qiqca05kh230l45",68373,/test-ver1/test_data/152lj06ahs8qiqca05kh230l45.jpg
chbeo7b5vfsl88lrlnv97kn6,68374,/test-ver1/test_data/chbeo7b5vfsl88lrlnv97kn6.jpg
"5q3eh8448d84tnrj7sod632i8p",68375,/test-ver1/test_data/5q3eh8448d84tnrj7sod632i8p.jpg
a27spmifpkq1oa9ahgh2v60es,68377,/test-ver1/test_data/a27spmifpkq1oa9ahgh2v60es.jpg
"6et6ajace7h64m7470leksl8mp",68378,/test-ver1/test_data/6et6ajace7h64m7470leksl8mp.jpg
jmsfdjiq1cndmgg57rm510u2j,68379,/test-ver1/test_data/jmsfdjiq1cndmgg57rm510u2j.jpg
"6uilp06lle7spqouf0iiojfdob",68380,/test-ver1/test_data/6uilp06lle7spqouf0iiojfdob.jpg
"1aeb0e08rf58sto8jk500op80s",68381,/test-ver1/test_data/1aeb0e08rf58sto8jk500op80s.jpg
"17qsmjsnirljqseeaffaqtf7kf",68382,/test-ver1/test_data/17qsmjsnirljqseeaffaqtf7kf.jpg
"5eu4ea6s1el1j6ojvf7jrhjlk0",68383,/test-ver1/test_data/5eu4ea6s1el1j6ojvf7jrhjlk0.jpg
"7inrar33ck3bjm8n03q4jjh2mk",68384,/test-ver1/test_data/7inrar33ck3bjm8n03q4jjh2mk.jpg
"383odl6kfit6ec5mkb0ims9l1t",68385,/test-ver1/test_data/383odl6kfit6ec5mkb0ims9l1t.jpg
"56jerd1jd2fsl7fde2m3fbv79h",68386,/test-ver1/test_data/56jerd1jd2fsl7fde2m3fbv79h.jpg
mpp30uus3h12efrhrn0o8qmti,68387,/test-ver1/test_data/mpp30uus3h12efrhrn0o8qmti.jpg
"3l84rd7jjtn9br9n5pbs6fr508",68389,/test-ver1/test_data/3l84rd7jjtn9br9n5pbs6fr508.jpg
"7k92m93amtjeqg6c2qgmanoj3o",68390,/test-ver1/test_data/7k92m93amtjeqg6c2qgmanoj3o.jpg
"2r16r5b3vkvhuvgu0je5nk45a6",68391,/test-ver1/test_data/2r16r5b3vkvhuvgu0je5nk45a6.jpg
"1j3ksscucbog59b5q89nq74okr",68392,/test-ver1/test_data/1j3ksscucbog59b5q89nq74okr.jpg
"6ldie9obpe64npqrcacipl4pnq",68393,/test-ver1/test_data/6ldie9obpe64npqrcacipl4pnq.jpg
"33eijc72t1i2ifi83rkq3furv6",68394,/test-ver1/test_data/33eijc72t1i2ifi83rkq3furv6.jpg
"5d4d7ggpofr4n1crrl3n5ligdk",68395,/test-ver1/test_data/5d4d7ggpofr4n1crrl3n5ligdk.jpg
"36ev881cou4osljnqlp9ot6vks",68396,/test-ver1/test_data/36ev881cou4osljnqlp9ot6vks.jpg
"4js338a9hgfvmhlabitkc44rhl",68397,/test-ver1/test_data/4js338a9hgfvmhlabitkc44rhl.jpg
ie272qea2v7fn13p5vq1nup9s,68398,/test-ver1/test_data/ie272qea2v7fn13p5vq1nup9s.jpg
"5f2g267hj5427eeklr7dttvo6d",68399,/test-ver1/test_data/5f2g267hj5427eeklr7dttvo6d.jpg
"1dto5shmc7ue4k815kkbe9f4im",68400,/test-ver1/test_data/1dto5shmc7ue4k815kkbe9f4im.jpg
"37ft5chjmvkcd3j9mumb99i837",68401,/test-ver1/test_data/37ft5chjmvkcd3j9mumb99i837.jpg
"6u6ucc8hdslq8t90fs3j0mmcqg",68402,/test-ver1/test_data/6u6ucc8hdslq8t90fs3j0mmcqg.jpg
"1phl90sq9sq6lauid96usp7p97",68403,/test-ver1/test_data/1phl90sq9sq6lauid96usp7p97.jpg
"5iqbab073bqadvce10jt1dnnj",68404,/test-ver1/test_data/5iqbab073bqadvce10jt1dnnj.jpg
"3513kfakboo9s8jtvpn0m806am",68405,/test-ver1/test_data/3513kfakboo9s8jtvpn0m806am.jpg
"5j5avonngjfhb1u3vim6doqpeb",68406,/test-ver1/test_data/5j5avonngjfhb1u3vim6doqpeb.jpg
"3qcpenm4k1hf6a20spp35vv3tm",68407,/test-ver1/test_data/3qcpenm4k1hf6a20spp35vv3tm.jpg
"2ue90g8eu4eh7pdnkrj0h4370g",68408,/test-ver1/test_data/2ue90g8eu4eh7pdnkrj0h4370g.jpg
"5ahn3fu62vps8l4sc003iadsa8",68409,/test-ver1/test_data/5ahn3fu62vps8l4sc003iadsa8.jpg
"2qcdvn215pg0h2crtgu41eclm",68410,/test-ver1/test_data/2qcdvn215pg0h2crtgu41eclm.jpg
"6tutg2vi14kptc3ut3scfsbjd1",68411,/test-ver1/test_data/6tutg2vi14kptc3ut3scfsbjd1.jpg
"4bvorqepulkp1std999cde2v8o",68412,/test-ver1/test_data/4bvorqepulkp1std999cde2v8o.jpg
"4nnm4pit6ap8np6oes5igtdg5d",68413,/test-ver1/test_data/4nnm4pit6ap8np6oes5igtdg5d.jpg
"1ntiiftucs3ao1q9ccdj3br68c",68414,/test-ver1/test_data/1ntiiftucs3ao1q9ccdj3br68c.jpg
"5tci61me53f086rvn63r8t8e8f",68415,/test-ver1/test_data/5tci61me53f086rvn63r8t8e8f.jpg
onqt9pl9vdjv80jc22c8hthvv,68417,/test-ver1/test_data/onqt9pl9vdjv80jc22c8hthvv.jpg
"1kgtm76i28i28m9rk5ofkbsjcd",68418,/test-ver1/test_data/1kgtm76i28i28m9rk5ofkbsjcd.jpg
"2llfrdnftoj9t8na093t6g717u",68419,/test-ver1/test_data/2llfrdnftoj9t8na093t6g717u.jpg
"38ioi83ntptf6a5128pu6ensvs",68420,/test-ver1/test_data/38ioi83ntptf6a5128pu6ensvs.jpg
"2tsd8rb3pnnobg4qsh7p5df185",68421,/test-ver1/test_data/2tsd8rb3pnnobg4qsh7p5df185.jpg
"7asu0u8svnq1lkteoc909fofob",68422,/test-ver1/test_data/7asu0u8svnq1lkteoc909fofob.jpg
"7qoi4nj79051n9rkh8897k5fur",68423,/test-ver1/test_data/7qoi4nj79051n9rkh8897k5fur.jpg
"22l83shmajj2fa1jevmuv7cgpk",68424,/test-ver1/test_data/22l83shmajj2fa1jevmuv7cgpk.jpg
"159l3h5onk0utkicnf6rpq05d8",68425,/test-ver1/test_data/159l3h5onk0utkicnf6rpq05d8.jpg
"290bg0kgihd0ehdak55ohrs55n",68426,/test-ver1/test_data/290bg0kgihd0ehdak55ohrs55n.jpg
"1tl8nqflkru2deeted372d67b9",68427,/test-ver1/test_data/1tl8nqflkru2deeted372d67b9.jpg
"268djf4g2jmmgl4nj89ih7qh9n",68428,/test-ver1/test_data/268djf4g2jmmgl4nj89ih7qh9n.jpg
"1hq1klitvansqdma39t37bqphm",68429,/test-ver1/test_data/1hq1klitvansqdma39t37bqphm.jpg
"6p507de10jke942ifni91fok29",68430,/test-ver1/test_data/6p507de10jke942ifni91fok29.jpg
"7ja811i3fth2q3ki8aiqpnp95k",68431,/test-ver1/test_data/7ja811i3fth2q3ki8aiqpnp95k.jpg
"6nfd8b8pk31um29po0hr0l3g0r",68432,/test-ver1/test_data/6nfd8b8pk31um29po0hr0l3g0r.jpg
"4k8td2ivvto7hh0o04a0ur7073",68433,/test-ver1/test_data/4k8td2ivvto7hh0o04a0ur7073.jpg
"7rrf4dn9n0dpsfokdic5jci61m",68434,/test-ver1/test_data/7rrf4dn9n0dpsfokdic5jci61m.jpg
"38s6l42a6k70g723ququolqk30",68435,/test-ver1/test_data/38s6l42a6k70g723ququolqk30.jpg
p7jp375d339bqdq9kbl3b6edv,68436,/test-ver1/test_data/p7jp375d339bqdq9kbl3b6edv.jpg
ii27auiqe6ecdjuhtjbj15r8g,68437,/test-ver1/test_data/ii27auiqe6ecdjuhtjbj15r8g.jpg
"31tqi8ehivnpn0nj9gof5rc383",68438,/test-ver1/test_data/31tqi8ehivnpn0nj9gof5rc383.jpg
ingbt9k932f9okocuntedco8s,68439,/test-ver1/test_data/ingbt9k932f9okocuntedco8s.jpg
"9vikl6jbs1s8cvtvo918tg6h",68441,/test-ver1/test_data/9vikl6jbs1s8cvtvo918tg6h.jpg
"3hds0v2cca2prtrkau2dhhs8fq",68442,/test-ver1/test_data/3hds0v2cca2prtrkau2dhhs8fq.jpg
"7oqq55r33i68sugd0818sc38cf",68443,/test-ver1/test_data/7oqq55r33i68sugd0818sc38cf.jpg
"155gon7buclrafdk8qlamu9m48",68444,/test-ver1/test_data/155gon7buclrafdk8qlamu9m48.jpg
"21qgk61gpefgjpbmd314lb4smt",68446,/test-ver1/test_data/21qgk61gpefgjpbmd314lb4smt.jpg
"16lmfmcqt6n3oqp4datmjq0c6f",68447,/test-ver1/test_data/16lmfmcqt6n3oqp4datmjq0c6f.jpg
"20h9lj6o1v4gr43iv66gaeod31",68448,/test-ver1/test_data/20h9lj6o1v4gr43iv66gaeod31.jpg
"4gvftmdmnvrnntffkvv80bbi5p",68449,/test-ver1/test_data/4gvftmdmnvrnntffkvv80bbi5p.jpg
c2nkli0jpg5ut7at1svla4af0,68452,/test-ver1/test_data/c2nkli0jpg5ut7at1svla4af0.jpg
"7sl9mljngqg731ak5tjc71nh1q",68453,/test-ver1/test_data/7sl9mljngqg731ak5tjc71nh1q.jpg
"15jqaaq0vrae7cjo0cvebutsr6",68454,/test-ver1/test_data/15jqaaq0vrae7cjo0cvebutsr6.jpg
"7sn4jk0hvl5ijk3o7nvr2podim",68455,/test-ver1/test_data/7sn4jk0hvl5ijk3o7nvr2podim.jpg
"6k9986q0pgh3ks9vtocb282i4n",68456,/test-ver1/test_data/6k9986q0pgh3ks9vtocb282i4n.jpg
"2n21koc0bom5d3kppg2cfn82j8",68457,/test-ver1/test_data/2n21koc0bom5d3kppg2cfn82j8.jpg
"5brps35lus7kcsekp1lnk43q1v",68458,/test-ver1/test_data/5brps35lus7kcsekp1lnk43q1v.jpg
"4j023cnqf56sf2vihdnvbfnshm",68459,/test-ver1/test_data/4j023cnqf56sf2vihdnvbfnshm.jpg
mkd02qubomsbo4ub9f83gtp3k,68461,/test-ver1/test_data/mkd02qubomsbo4ub9f83gtp3k.jpg
"5t50ukog3v5ag41hpr2ld96afn",68462,/test-ver1/test_data/5t50ukog3v5ag41hpr2ld96afn.jpg
"4uqr17msbqt10hamf3cmqem9kv",68463,/test-ver1/test_data/4uqr17msbqt10hamf3cmqem9kv.jpg
"23ucvftjbrn8jf1djl7svrjlk5",68464,/test-ver1/test_data/23ucvftjbrn8jf1djl7svrjlk5.jpg
"4o18cojcp9vtmiib7mvojd95pu",68465,/test-ver1/test_data/4o18cojcp9vtmiib7mvojd95pu.jpg
"6aj34qdhdcjffmj4rimnaell47",68466,/test-ver1/test_data/6aj34qdhdcjffmj4rimnaell47.jpg
"3tibrf6duaj408hrir1ipp9iab",68468,/test-ver1/test_data/3tibrf6duaj408hrir1ipp9iab.jpg
"29s3flralatu6qka0rg8cedcn9",68469,/test-ver1/test_data/29s3flralatu6qka0rg8cedcn9.jpg
"7jqrb8aqteeuvc73dg5il4kq2m",68470,/test-ver1/test_data/7jqrb8aqteeuvc73dg5il4kq2m.jpg
"12ahvhi1a1q1tcsd0v2frlsmd5",68471,/test-ver1/test_data/12ahvhi1a1q1tcsd0v2frlsmd5.jpg
"55m76pnt32pjq4gkro292t9qdb",68473,/test-ver1/test_data/55m76pnt32pjq4gkro292t9qdb.jpg
"283pnsake6gjm9s71rp3va13uo",68474,/test-ver1/test_data/283pnsake6gjm9s71rp3va13uo.jpg
"37lrsm3p7bk9g4ltdspkju55tq",68475,/test-ver1/test_data/37lrsm3p7bk9g4ltdspkju55tq.jpg
"5huu2svum60kofidf6jhg1mal8",68477,/test-ver1/test_data/5huu2svum60kofidf6jhg1mal8.jpg
"3ilrr4cqbe54orno9644354ejt",68478,/test-ver1/test_data/3ilrr4cqbe54orno9644354ejt.jpg
"1rrjhkpl4nlrdge3rr9u0rp979",68479,/test-ver1/test_data/1rrjhkpl4nlrdge3rr9u0rp979.jpg
"3fm83j6529j46turki04i25f6i",68480,/test-ver1/test_data/3fm83j6529j46turki04i25f6i.jpg
"1jnniao24gt7aa7da0ii2doj1c",68481,/test-ver1/test_data/1jnniao24gt7aa7da0ii2doj1c.jpg
"5t7c3lo99vlpu7nc0ccknpe5ta",68482,/test-ver1/test_data/5t7c3lo99vlpu7nc0ccknpe5ta.jpg
"7b4la0u5v1ugfkin7neaq55j95",68483,/test-ver1/test_data/7b4la0u5v1ugfkin7neaq55j95.jpg
"2m7nk42u1boorvkb5nrfdtfllq",68484,/test-ver1/test_data/2m7nk42u1boorvkb5nrfdtfllq.jpg
"368jcvk38ialjir0cdekqhkvau",68485,/test-ver1/test_data/368jcvk38ialjir0cdekqhkvau.jpg
"4k48bgjh5eqvto578u16n6qka1",68486,/test-ver1/test_data/4k48bgjh5eqvto578u16n6qka1.jpg
"4tr1h3a78reelveqgfjsrk6f9j",68487,/test-ver1/test_data/4tr1h3a78reelveqgfjsrk6f9j.jpg
"34h1cmrg23e7lcosko08reit2p",68488,/test-ver1/test_data/34h1cmrg23e7lcosko08reit2p.jpg
ei931eausi54b6qdctrum5lnf,68489,/test-ver1/test_data/ei931eausi54b6qdctrum5lnf.jpg
"11qoh92a75pnpit0gp7gr3331c",68491,/test-ver1/test_data/11qoh92a75pnpit0gp7gr3331c.jpg
"2uotv64ehqrplc20eoaso609ps",68492,/test-ver1/test_data/2uotv64ehqrplc20eoaso609ps.jpg
n2qa8kth5s4ftqajb3s29m9p,68493,/test-ver1/test_data/n2qa8kth5s4ftqajb3s29m9p.jpg
"3uamquoenctbiq7e2ec69fa596",68494,/test-ver1/test_data/3uamquoenctbiq7e2ec69fa596.jpg
"4id2b3trhovgdncf0jbc7g6in4",68495,/test-ver1/test_data/4id2b3trhovgdncf0jbc7g6in4.jpg
c6p0k685rfu94hia282n3fpn3,68497,/test-ver1/test_data/c6p0k685rfu94hia282n3fpn3.jpg
"4hi165gnc9srrdfhvmsq8iujpj",68498,/test-ver1/test_data/4hi165gnc9srrdfhvmsq8iujpj.jpg
"3nbrtf4p0i7kv34tnqgi8bdbda",68499,/test-ver1/test_data/3nbrtf4p0i7kv34tnqgi8bdbda.jpg
"23uja0vvnjgaj9hhfp3o8g9cqp",68500,/test-ver1/test_data/23uja0vvnjgaj9hhfp3o8g9cqp.jpg
m0qpuu5oe2k3sd4j0hlc97bid,68501,/test-ver1/test_data/m0qpuu5oe2k3sd4j0hlc97bid.jpg
"6lm0m94h9e97047roj0btf8ojd",68502,/test-ver1/test_data/6lm0m94h9e97047roj0btf8ojd.jpg
"4g92s2cguvflqtoet4vmtlvrd5",68503,/test-ver1/test_data/4g92s2cguvflqtoet4vmtlvrd5.jpg
"3mjhgudvi1tidk150etbk4dhl9",68504,/test-ver1/test_data/3mjhgudvi1tidk150etbk4dhl9.jpg
lsr5d9gle65q3i5mkdat69tmk,68506,/test-ver1/test_data/lsr5d9gle65q3i5mkdat69tmk.jpg
"7ghfujek2t8c5duu0itu7oo3eo",68507,/test-ver1/test_data/7ghfujek2t8c5duu0itu7oo3eo.jpg
"578ske8hq2d9um58gs4tbgolkm",68508,/test-ver1/test_data/578ske8hq2d9um58gs4tbgolkm.jpg
"3cc7cj245f4nc8agrk2hh5863r",68509,/test-ver1/test_data/3cc7cj245f4nc8agrk2hh5863r.jpg
"5u6jsme2fmtgbf7h8pr0bud6uq",68510,/test-ver1/test_data/5u6jsme2fmtgbf7h8pr0bud6uq.jpg
"3vics48bg2bsvorbajcu8u77rb",68511,/test-ver1/test_data/3vics48bg2bsvorbajcu8u77rb.jpg
"312e5pr4skq9shgm5tda0dqcem",68512,/test-ver1/test_data/312e5pr4skq9shgm5tda0dqcem.jpg
m28aqhb5puj3l293q7and3h5u,68514,/test-ver1/test_data/m28aqhb5puj3l293q7and3h5u.jpg
iipccb3bj5qrh5fnoie36ejrc,68515,/test-ver1/test_data/iipccb3bj5qrh5fnoie36ejrc.jpg
gst3kescp4cd93v7rsm4a50bf,68516,/test-ver1/test_data/gst3kescp4cd93v7rsm4a50bf.jpg
"40th71deln76n0e5n3b2pu6irl",68517,/test-ver1/test_data/40th71deln76n0e5n3b2pu6irl.jpg
"2c0mkdv26021qp6c19g86mgku1",68518,/test-ver1/test_data/2c0mkdv26021qp6c19g86mgku1.jpg
"65s5h3v7bu1tgl6e25aco26mp9",68519,/test-ver1/test_data/65s5h3v7bu1tgl6e25aco26mp9.jpg
og0lri7920da56v2560fq238v,68520,/test-ver1/test_data/og0lri7920da56v2560fq238v.jpg
"3abf588ei4m9o5ek4agd20opth",68521,/test-ver1/test_data/3abf588ei4m9o5ek4agd20opth.jpg
"6bggbpr3ea59driddh5he0nio6",68522,/test-ver1/test_data/6bggbpr3ea59driddh5he0nio6.jpg
"4utdleihg2lb7rft0k5a1jfemb",68523,/test-ver1/test_data/4utdleihg2lb7rft0k5a1jfemb.jpg
"6enj97k308ja4bnjva6lcgqqes",68524,/test-ver1/test_data/6enj97k308ja4bnjva6lcgqqes.jpg
"1g0lhv0lv7der3j8gdjs4rtiak",68526,/test-ver1/test_data/1g0lhv0lv7der3j8gdjs4rtiak.jpg
"58ii7tqva2gc397g4rq4ofujp1",68527,/test-ver1/test_data/58ii7tqva2gc397g4rq4ofujp1.jpg
ajn3ibhgs8ergp0ockdjo59aj,68528,/test-ver1/test_data/ajn3ibhgs8ergp0ockdjo59aj.jpg
"2i5818350mmdl59v8hbel5pplb",68529,/test-ver1/test_data/2i5818350mmdl59v8hbel5pplb.jpg
igf1uve154c8qtuvcn19bnudt,68530,/test-ver1/test_data/igf1uve154c8qtuvcn19bnudt.jpg
"92t5bftc63ji9efg3997v4vhr",68531,/test-ver1/test_data/92t5bftc63ji9efg3997v4vhr.jpg
"4pglgc24rf74bh44rqsk8km4vd",68532,/test-ver1/test_data/4pglgc24rf74bh44rqsk8km4vd.jpg
fjemdkimfhjdli5jql89n8rqs,68533,/test-ver1/test_data/fjemdkimfhjdli5jql89n8rqs.jpg
"7ktnddj0thgpc8kna45jjjgt47",68534,/test-ver1/test_data/7ktnddj0thgpc8kna45jjjgt47.jpg
"469dhicu478s4u9d0ubplepfrf",68535,/test-ver1/test_data/469dhicu478s4u9d0ubplepfrf.jpg
"4p583peu8u8vk6hqbkv2o2l45g",68537,/test-ver1/test_data/4p583peu8u8vk6hqbkv2o2l45g.jpg
"5qs5i4vtqu0envnvm35cjd9oer",68538,/test-ver1/test_data/5qs5i4vtqu0envnvm35cjd9oer.jpg
bs09qkr2ks8vj02n70jfp4aqo,68539,/test-ver1/test_data/bs09qkr2ks8vj02n70jfp4aqo.jpg
"6hu4rg5hei89s95sap6qc8mvjc",68540,/test-ver1/test_data/6hu4rg5hei89s95sap6qc8mvjc.jpg
"409nmsbl8oh65oe9ckf8dc4j10",68541,/test-ver1/test_data/409nmsbl8oh65oe9ckf8dc4j10.jpg
"48ku5h47c6dnjrbsrlkpc5lcmh",68542,/test-ver1/test_data/48ku5h47c6dnjrbsrlkpc5lcmh.jpg
"6f7s42ura5vfebsva0kp7jip1a",68543,/test-ver1/test_data/6f7s42ura5vfebsva0kp7jip1a.jpg
"7gvq6fss4cnp562qav3ggf5ppm",68545,/test-ver1/test_data/7gvq6fss4cnp562qav3ggf5ppm.jpg
"1bsv2a4pfjmrvghfhhq50ifiau",68546,/test-ver1/test_data/1bsv2a4pfjmrvghfhhq50ifiau.jpg
"5h9gom6ml1d2nc0gtbhcqbl5u1",68547,/test-ver1/test_data/5h9gom6ml1d2nc0gtbhcqbl5u1.jpg
"5hvpg2rdtp1u2o594obvs72jmi",68548,/test-ver1/test_data/5hvpg2rdtp1u2o594obvs72jmi.jpg
"2benqe3qhtb5e972vgilu4qqno",68549,/test-ver1/test_data/2benqe3qhtb5e972vgilu4qqno.jpg
"3edr1rv3uqoq3vq9qs05smp9gn",68550,/test-ver1/test_data/3edr1rv3uqoq3vq9qs05smp9gn.jpg
"8qtkd6g6us96ln8cke6mkh24a",68551,/test-ver1/test_data/8qtkd6g6us96ln8cke6mkh24a.jpg
"71gjgqcvpri1d3o33iqhs6783b",68552,/test-ver1/test_data/71gjgqcvpri1d3o33iqhs6783b.jpg
"3fg49rl0j3k06c3d18bi0oqil3",68553,/test-ver1/test_data/3fg49rl0j3k06c3d18bi0oqil3.jpg
"3ba4kncds380nsl0shve3rt0dm",68554,/test-ver1/test_data/3ba4kncds380nsl0shve3rt0dm.jpg
"7j8lprlho8olg3kjdj7tbb84s9",68555,/test-ver1/test_data/7j8lprlho8olg3kjdj7tbb84s9.jpg
"7f8ash01ucl0oeiljl7ks64q7h",68556,/test-ver1/test_data/7f8ash01ucl0oeiljl7ks64q7h.jpg
"5mr8fr0u885mj67uhh7lnv5vg9",68557,/test-ver1/test_data/5mr8fr0u885mj67uhh7lnv5vg9.jpg
"2j8d4vba7tu478i9a9qjct0jao",68558,/test-ver1/test_data/2j8d4vba7tu478i9a9qjct0jao.jpg
"29qj2e92lkpservh2093qevhdu",68559,/test-ver1/test_data/29qj2e92lkpservh2093qevhdu.jpg
"5p4gieeu2cequbisoho6o0o0q8",68560,/test-ver1/test_data/5p4gieeu2cequbisoho6o0o0q8.jpg
"2h5muf65r60iqqrpcaqqoksh94",68561,/test-ver1/test_data/2h5muf65r60iqqrpcaqqoksh94.jpg
"18mm4u0334cp4ik5d4ippvhkgh",68562,/test-ver1/test_data/18mm4u0334cp4ik5d4ippvhkgh.jpg
"71e7f2ls3g0nnaj4le39ej6mm5",68564,/test-ver1/test_data/71e7f2ls3g0nnaj4le39ej6mm5.jpg
"3h115v6mjdgqb1o32gn340aots",68565,/test-ver1/test_data/3h115v6mjdgqb1o32gn340aots.jpg
"4iuh250pt7k3kuo9ketmoovp29",68566,/test-ver1/test_data/4iuh250pt7k3kuo9ketmoovp29.jpg
"7ee117uk8tt6tqpdh1mjsuic3r",68567,/test-ver1/test_data/7ee117uk8tt6tqpdh1mjsuic3r.jpg
"30hoj62gvp2ga517l40v9e524k",68568,/test-ver1/test_data/30hoj62gvp2ga517l40v9e524k.jpg
"27iq555fumcfil3me1qd9quco9",68569,/test-ver1/test_data/27iq555fumcfil3me1qd9quco9.jpg
"2ha8u3v7eaeets0givihdlit8n",68570,/test-ver1/test_data/2ha8u3v7eaeets0givihdlit8n.jpg
"1o658h1gpcialffhj75kaq6dkb",68571,/test-ver1/test_data/1o658h1gpcialffhj75kaq6dkb.jpg
"559oat3tfcjkbjpm7e5ruv31kq",68572,/test-ver1/test_data/559oat3tfcjkbjpm7e5ruv31kq.jpg
"56cmg6m0l55gsnqfs0lp0m536o",68574,/test-ver1/test_data/56cmg6m0l55gsnqfs0lp0m536o.jpg
"1566tsjj6cs3absnooeimrc2im",68575,/test-ver1/test_data/1566tsjj6cs3absnooeimrc2im.jpg
"6nbfiqv0v3srrtdm2pughegd48",68576,/test-ver1/test_data/6nbfiqv0v3srrtdm2pughegd48.jpg
"8sgag2fi5t28fc2hl7j385bq3",68577,/test-ver1/test_data/8sgag2fi5t28fc2hl7j385bq3.jpg
"473oe36jtcr0sggidsgno9u13o",68578,/test-ver1/test_data/473oe36jtcr0sggidsgno9u13o.jpg
"717t7b9gfmk9v1qn03so4f0akv",68579,/test-ver1/test_data/717t7b9gfmk9v1qn03so4f0akv.jpg
"7104c4shbm5d1lmkdvcm9qg7vk",68580,/test-ver1/test_data/7104c4shbm5d1lmkdvcm9qg7vk.jpg
"3q1695t7j3p25624nvhdpo6kp0",68581,/test-ver1/test_data/3q1695t7j3p25624nvhdpo6kp0.jpg
"59v69bhlbi0560bf1g8sojlf1h",68583,/test-ver1/testdata2/59v69bhlbi0560bf1g8sojlf1h.jpg
"2q08h7jue0f33b3lr2q29djmfq",68584,/test-ver1/testdata2/2q08h7jue0f33b3lr2q29djmfq.jpg
"2h4rg1o2ea6lt1i2lu1umj08d7",68585,/test-ver1/testdata2/2h4rg1o2ea6lt1i2lu1umj08d7.jpg
"6tf0untlet6rilt15eit5g3k8m",68586,/test-ver1/testdata2/6tf0untlet6rilt15eit5g3k8m.jpg
"553b9ua9d51dl8bfbnlm780vtj",68587,/test-ver1/testdata2/553b9ua9d51dl8bfbnlm780vtj.jpg
"77qf3q59kclsrbcl2f8fq37ph0",68588,/test-ver1/testdata2/77qf3q59kclsrbcl2f8fq37ph0.jpg
"1045dm7b3d0sclc0bn5emaoq22",68589,/test-ver1/testdata2/1045dm7b3d0sclc0bn5emaoq22.jpg
"69o4o4lrj9tddvl4dg25gtn577",68590,/test-ver1/testdata2/69o4o4lrj9tddvl4dg25gtn577.jpg
"7ou6dnadb8jj34l8dn05tieu0k",68591,/test-ver1/testdata2/7ou6dnadb8jj34l8dn05tieu0k.jpg
urrij01b957jeekkqt543iep0,68592,/test-ver1/testdata2/urrij01b957jeekkqt543iep0.jpg
"2obg302vav6cnjgdpj07dmm2e8",68593,/test-ver1/testdata2/2obg302vav6cnjgdpj07dmm2e8.jpg
"3lt585m0n14m2cer5vfnerth3h",68594,/test-ver1/testdata2/3lt585m0n14m2cer5vfnerth3h.jpg
"6dda9ld7c6sglo84nom72tagf4",68595,/test-ver1/testdata2/6dda9ld7c6sglo84nom72tagf4.jpg
"6irnho1aq0v90k9jkmlf1jinfa",68596,/test-ver1/testdata2/6irnho1aq0v90k9jkmlf1jinfa.jpg
"19vldngi8jc7sq1jrdafi129t2",68597,/test-ver1/testdata2/19vldngi8jc7sq1jrdafi129t2.jpg
"4rrv9h3sqoqce4hhvpc16n7cr2",68598,/test-ver1/testdata2/4rrv9h3sqoqce4hhvpc16n7cr2.jpg
"12k2dt3gnhgfght1fd75661mkb",68599,/test-ver1/testdata2/12k2dt3gnhgfght1fd75661mkb.jpg
"1dtnpirpvgm10t9itsd03sbieo",68600,/test-ver1/testdata2/1dtnpirpvgm10t9itsd03sbieo.jpg
"7246rl1gdg89ttl4k97vgdnls3",68601,/test-ver1/testdata2/7246rl1gdg89ttl4k97vgdnls3.jpg
"7v1q5s4dednd95eqpojafkmnuo",68602,/test-ver1/testdata2/7v1q5s4dednd95eqpojafkmnuo.jpg
"3ms37ggqv6o1uimog8kosj2uiu",68603,/test-ver1/testdata2/3ms37ggqv6o1uimog8kosj2uiu.jpg
"1m4ks3iius2o060u3qnbarspcj",68604,/test-ver1/testdata2/1m4ks3iius2o060u3qnbarspcj.jpg
uvt6q3m0p8hrcefnpqncjmt4q,68605,/test-ver1/testdata2/uvt6q3m0p8hrcefnpqncjmt4q.jpg
"4t9r9u0gm95e3fr334ir9omas5",68606,/test-ver1/testdata2/4t9r9u0gm95e3fr334ir9omas5.jpg
"1tvo7vq31k8dtr1k2pqt4vsrtv",68607,/test-ver1/testdata2/1tvo7vq31k8dtr1k2pqt4vsrtv.jpg
"6rd0h04vksdoq1prg21p885os7",68608,/test-ver1/testdata2/6rd0h04vksdoq1prg21p885os7.jpg
"6v6q1jmkloi0ide55i98hot1g3",68609,/test-ver1/testdata2/6v6q1jmkloi0ide55i98hot1g3.jpg
"2aaand6oti58aekbq5tguneqbg",68610,/test-ver1/testdata2/2aaand6oti58aekbq5tguneqbg.jpg
"62gp954bf95p39bqm4ekpot74g",68611,/test-ver1/testdata2/62gp954bf95p39bqm4ekpot74g.jpg
vk1t84ft8ngo3sgmjskvdpq8l,68612,/test-ver1/testdata2/vk1t84ft8ngo3sgmjskvdpq8l.jpg
